{
  "goodbye": {
    "precision": 0.0,
    "recall": 0.0,
    "f1-score": 0.0,
    "support": 1
  },
  "utter_happy": {
    "precision": 1.0,
    "recall": 1.0,
    "f1-score": 1.0,
    "support": 2
  },
  "mood_great": {
    "precision": 1.0,
    "recall": 1.0,
    "f1-score": 1.0,
    "support": 2
  },
  "greet": {
    "precision": 0.6666666666666666,
    "recall": 1.0,
    "f1-score": 0.8,
    "support": 2
  },
  "utter_goodbye": {
    "precision": 1.0,
    "recall": 1.0,
    "f1-score": 1.0,
    "support": 1
  },
  "action_listen": {
    "precision": 1.0,
    "recall": 1.0,
    "f1-score": 1.0,
    "support": 5
  },
  "utter_greet": {
    "precision": 1.0,
    "recall": 1.0,
    "f1-score": 1.0,
    "support": 2
  },
  "accuracy": 0.9333333333333333,
  "macro avg": {
    "precision": 0.8095238095238094,
    "recall": 0.8571428571428571,
    "f1-score": 0.8285714285714285,
    "support": 15
  },
  "weighted avg": {
    "precision": 0.8888888888888888,
    "recall": 0.9333333333333333,
    "f1-score": 0.9066666666666666,
    "support": 15
  },
  "micro avg": {
    "precision": 0.9333333333333333,
    "recall": 0.9333333333333333,
    "f1-score": 0.9333333333333333,
    "support": 15
  },
  "conversation_accuracy": {
    "accuracy": 0.5,
    "correct": 1,
    "with_warnings": 0,
    "total": 2
  }
}